"Sample Name","Marker","Allele 1","Allele 2","Allele 3","Allele 4"
"Example","D3S1358","15","16","17","18"
"Example","vWA","16","17","18",""
"Example","D16S539","9","10","11","12"
"Example","CSF1PO","10","11","12","13"
"Example","TPOX","8","11","",""
"Example","D8S1179","10","14","15",""
"Example","D21S11","29","30","32.2",""
"Example","D18S51","12","13","15","22"
"Example","D2S441","9.1","11","",""
"Example","D19S433","13","15","15.2","16.2"
"Example","TH01","7","9","9.3",""
"Example","FGA","19","21","25.2",""
"Example","D22S1045","11","16","17",""
"Example","D5S818","10","11","",""
"Example","D13S317","9","10","11","12"
"Example","D7S820","9","10","12",""
"Example","SE33","17","21","25.2","28.2"
"Example","D10S1248","13","14","15","16"
"Example","D1S1656","14","15","16",""
"Example","D12S391","18","19","22",""
"Example","D2S1338","18","24","",""
