"Sample Name","Marker","Allele 1","Allele 2"
"Victim","D3S1358","17","18"
"Victim","vWA","17","18"
"Victim","D16S539","9","12"
"Victim","CSF1PO","11","13"
"Victim","TPOX","8","11"
"Victim","D8S1179","14","15"
"Victim","D21S11","29","30"
"Victim","D18S51","15","22"
"Victim","D2S441","9.1","11"
"Victim","D19S433","15.2","16.2"
"Victim","TH01","7","7"
"Victim","FGA","19","21"
"Victim","D22S1045","11","16"
"Victim","D5S818","10","10"
"Victim","D13S317","9","10"
"Victim","D7S820","9","12"
"Victim","SE33","21","25.2"
"Victim","D10S1248","14","15"
"Victim","D1S1656","14","16"
"Victim","D12S391","18","22"
"Victim","D2S1338","18","24"
"Suspect","D3S1358","15","16"
"Suspect","vWA","16","17"
"Suspect","D16S539","10","11"
"Suspect","CSF1PO","10","12"
"Suspect","TPOX","8","8"
"Suspect","D8S1179","10","14"
"Suspect","D21S11","29","32.2"
"Suspect","D18S51","12","13"
"Suspect","D2S441","11","11"
"Suspect","D19S433","13","15"
"Suspect","TH01","9","9.3"
"Suspect","FGA","21","25.2"
"Suspect","D22S1045","16","17"
"Suspect","D5S818","10","11"
"Suspect","D13S317","11","12"
"Suspect","D7S820","10","10"
"Suspect","SE33","17","28.2"
"Suspect","D10S1248","13","16"
"Suspect","D1S1656","14","15"
"Suspect","D12S391","18","19"
"Suspect","D2S1338","18","18"
